image_path,similar_image_path,similarity_score
C:\Users\ANISH\OneDrive\Desktop\osC\DREAMS\Other\Dataset\tokoyo_images\tokyo_00002_3125862684.jpg,C:\Users\ANISH\OneDrive\Desktop\osC\DREAMS\Other\Dataset\tokoyo_images\tokyo_00112_8586130870.jpg,0.8789855241775513
C:\Users\ANISH\OneDrive\Desktop\osC\DREAMS\Other\Dataset\tokoyo_images\tokyo_00002_3125862684.jpg,C:\Users\ANISH\OneDrive\Desktop\osC\DREAMS\Other\Dataset\tokoyo_images\tokyo_00127_2647510639.jpg,0.8728265762329102
C:\Users\ANISH\OneDrive\Desktop\osC\DREAMS\Other\Dataset\tokoyo_images\tokyo_00002_3125862684.jpg,C:\Users\ANISH\OneDrive\Desktop\osC\DREAMS\Other\Dataset\tokoyo_images\tokyo_00036_4548033030.jpg,0.8708747029304504
C:\Users\ANISH\OneDrive\Desktop\osC\DREAMS\Other\Dataset\tokoyo_images\tokyo_00002_3125862684.jpg,C:\Users\ANISH\OneDrive\Desktop\osC\DREAMS\Other\Dataset\tokoyo_images\tokyo_00051_6941479030.jpg,0.8652595281600952
C:\Users\ANISH\OneDrive\Desktop\osC\DREAMS\Other\Dataset\tokoyo_images\tokyo_00002_3125862684.jpg,C:\Users\ANISH\OneDrive\Desktop\osC\DREAMS\Other\Dataset\tokoyo_images\tokyo_00171_2337992396.jpg,0.8334111571311951
C:\Users\ANISH\OneDrive\Desktop\osC\DREAMS\Other\Dataset\tokoyo_images\tokyo_00003_6332937940.jpg,C:\Users\ANISH\OneDrive\Desktop\osC\DREAMS\Other\Dataset\tokoyo_images\tokyo_00096_7017898343.jpg,0.8362643122673035
C:\Users\ANISH\OneDrive\Desktop\osC\DREAMS\Other\Dataset\tokoyo_images\tokyo_00003_6332937940.jpg,C:\Users\ANISH\OneDrive\Desktop\osC\DREAMS\Other\Dataset\tokoyo_images\tokyo_00084_7620079764.jpg,0.8221096992492676
C:\Users\ANISH\OneDrive\Desktop\osC\DREAMS\Other\Dataset\tokoyo_images\tokyo_00003_6332937940.jpg,C:\Users\ANISH\OneDrive\Desktop\osC\DREAMS\Other\Dataset\tokoyo_images\tokyo_00051_6941479030.jpg,0.8214681148529053
C:\Users\ANISH\OneDrive\Desktop\osC\DREAMS\Other\Dataset\tokoyo_images\tokyo_00003_6332937940.jpg,C:\Users\ANISH\OneDrive\Desktop\osC\DREAMS\Other\Dataset\tokoyo_images\tokyo_00122_3688081236.jpg,0.8139604330062866
C:\Users\ANISH\OneDrive\Desktop\osC\DREAMS\Other\Dataset\tokoyo_images\tokyo_00003_6332937940.jpg,C:\Users\ANISH\OneDrive\Desktop\osC\DREAMS\Other\Dataset\tokoyo_images\tokyo_00024_4575832352.jpg,0.8059314489364624
C:\Users\ANISH\OneDrive\Desktop\osC\DREAMS\Other\Dataset\tokoyo_images\tokyo_00017_6553547105.jpg,C:\Users\ANISH\OneDrive\Desktop\osC\DREAMS\Other\Dataset\tokoyo_images\tokyo_00154_8108509730.jpg,0.8383281826972961
C:\Users\ANISH\OneDrive\Desktop\osC\DREAMS\Other\Dataset\tokoyo_images\tokyo_00017_6553547105.jpg,C:\Users\ANISH\OneDrive\Desktop\osC\DREAMS\Other\Dataset\tokoyo_images\tokyo_00152_2880923059.jpg,0.8336403965950012
C:\Users\ANISH\OneDrive\Desktop\osC\DREAMS\Other\Dataset\tokoyo_images\tokyo_00017_6553547105.jpg,C:\Users\ANISH\OneDrive\Desktop\osC\DREAMS\Other\Dataset\tokoyo_images\tokyo_00093_5253540947.jpg,0.8245512247085571
C:\Users\ANISH\OneDrive\Desktop\osC\DREAMS\Other\Dataset\tokoyo_images\tokyo_00017_6553547105.jpg,C:\Users\ANISH\OneDrive\Desktop\osC\DREAMS\Other\Dataset\tokoyo_images\tokyo_00161_11903148366.jpg,0.8197458386421204
C:\Users\ANISH\OneDrive\Desktop\osC\DREAMS\Other\Dataset\tokoyo_images\tokyo_00017_6553547105.jpg,C:\Users\ANISH\OneDrive\Desktop\osC\DREAMS\Other\Dataset\tokoyo_images\tokyo_00024_4575832352.jpg,0.8100526928901672
C:\Users\ANISH\OneDrive\Desktop\osC\DREAMS\Other\Dataset\tokoyo_images\tokyo_00022_6431320025.jpg,C:\Users\ANISH\OneDrive\Desktop\osC\DREAMS\Other\Dataset\tokoyo_images\tokyo_00106_6431127795.jpg,0.8882004022598267
C:\Users\ANISH\OneDrive\Desktop\osC\DREAMS\Other\Dataset\tokoyo_images\tokyo_00022_6431320025.jpg,C:\Users\ANISH\OneDrive\Desktop\osC\DREAMS\Other\Dataset\tokoyo_images\tokyo_00122_3688081236.jpg,0.7976560592651367
C:\Users\ANISH\OneDrive\Desktop\osC\DREAMS\Other\Dataset\tokoyo_images\tokyo_00022_6431320025.jpg,C:\Users\ANISH\OneDrive\Desktop\osC\DREAMS\Other\Dataset\tokoyo_images\tokyo_00112_8586130870.jpg,0.7915337085723877
C:\Users\ANISH\OneDrive\Desktop\osC\DREAMS\Other\Dataset\tokoyo_images\tokyo_00022_6431320025.jpg,C:\Users\ANISH\OneDrive\Desktop\osC\DREAMS\Other\Dataset\tokoyo_images\tokyo_00024_4575832352.jpg,0.7886556386947632
C:\Users\ANISH\OneDrive\Desktop\osC\DREAMS\Other\Dataset\tokoyo_images\tokyo_00022_6431320025.jpg,C:\Users\ANISH\OneDrive\Desktop\osC\DREAMS\Other\Dataset\tokoyo_images\tokyo_00051_6941479030.jpg,0.7802480459213257
C:\Users\ANISH\OneDrive\Desktop\osC\DREAMS\Other\Dataset\tokoyo_images\tokyo_00024_4575832352.jpg,C:\Users\ANISH\OneDrive\Desktop\osC\DREAMS\Other\Dataset\tokoyo_images\tokyo_00122_3688081236.jpg,0.8836240768432617
C:\Users\ANISH\OneDrive\Desktop\osC\DREAMS\Other\Dataset\tokoyo_images\tokyo_00024_4575832352.jpg,C:\Users\ANISH\OneDrive\Desktop\osC\DREAMS\Other\Dataset\tokoyo_images\tokyo_00051_6941479030.jpg,0.8727439641952515
C:\Users\ANISH\OneDrive\Desktop\osC\DREAMS\Other\Dataset\tokoyo_images\tokyo_00024_4575832352.jpg,C:\Users\ANISH\OneDrive\Desktop\osC\DREAMS\Other\Dataset\tokoyo_images\tokyo_00163_6562413907.jpg,0.8537298440933228
C:\Users\ANISH\OneDrive\Desktop\osC\DREAMS\Other\Dataset\tokoyo_images\tokyo_00024_4575832352.jpg,C:\Users\ANISH\OneDrive\Desktop\osC\DREAMS\Other\Dataset\tokoyo_images\tokyo_00127_2647510639.jpg,0.8404955863952637
C:\Users\ANISH\OneDrive\Desktop\osC\DREAMS\Other\Dataset\tokoyo_images\tokyo_00024_4575832352.jpg,C:\Users\ANISH\OneDrive\Desktop\osC\DREAMS\Other\Dataset\tokoyo_images\tokyo_00152_2880923059.jpg,0.8372169733047485
C:\Users\ANISH\OneDrive\Desktop\osC\DREAMS\Other\Dataset\tokoyo_images\tokyo_00025_3000200379.jpg,C:\Users\ANISH\OneDrive\Desktop\osC\DREAMS\Other\Dataset\tokoyo_images\tokyo_00086_6899892784.jpg,0.8511315584182739
C:\Users\ANISH\OneDrive\Desktop\osC\DREAMS\Other\Dataset\tokoyo_images\tokyo_00025_3000200379.jpg,C:\Users\ANISH\OneDrive\Desktop\osC\DREAMS\Other\Dataset\tokoyo_images\tokyo_00188_4675052823.jpg,0.8278136253356934
C:\Users\ANISH\OneDrive\Desktop\osC\DREAMS\Other\Dataset\tokoyo_images\tokyo_00025_3000200379.jpg,C:\Users\ANISH\OneDrive\Desktop\osC\DREAMS\Other\Dataset\tokoyo_images\tokyo_00026_7866417206.jpg,0.8255887031555176
C:\Users\ANISH\OneDrive\Desktop\osC\DREAMS\Other\Dataset\tokoyo_images\tokyo_00025_3000200379.jpg,C:\Users\ANISH\OneDrive\Desktop\osC\DREAMS\Other\Dataset\tokoyo_images\tokyo_00175_8581798731.jpg,0.8203268051147461
C:\Users\ANISH\OneDrive\Desktop\osC\DREAMS\Other\Dataset\tokoyo_images\tokyo_00025_3000200379.jpg,C:\Users\ANISH\OneDrive\Desktop\osC\DREAMS\Other\Dataset\tokoyo_images\tokyo_00171_2337992396.jpg,0.8070648908615112
C:\Users\ANISH\OneDrive\Desktop\osC\DREAMS\Other\Dataset\tokoyo_images\tokyo_00026_7866417206.jpg,C:\Users\ANISH\OneDrive\Desktop\osC\DREAMS\Other\Dataset\tokoyo_images\tokyo_00082_5366761340.jpg,0.8912168741226196
C:\Users\ANISH\OneDrive\Desktop\osC\DREAMS\Other\Dataset\tokoyo_images\tokyo_00026_7866417206.jpg,C:\Users\ANISH\OneDrive\Desktop\osC\DREAMS\Other\Dataset\tokoyo_images\tokyo_00145_6812262249.jpg,0.8634282350540161
C:\Users\ANISH\OneDrive\Desktop\osC\DREAMS\Other\Dataset\tokoyo_images\tokyo_00026_7866417206.jpg,C:\Users\ANISH\OneDrive\Desktop\osC\DREAMS\Other\Dataset\tokoyo_images\tokyo_00178_5047018807.jpg,0.8537729978561401
C:\Users\ANISH\OneDrive\Desktop\osC\DREAMS\Other\Dataset\tokoyo_images\tokyo_00026_7866417206.jpg,C:\Users\ANISH\OneDrive\Desktop\osC\DREAMS\Other\Dataset\tokoyo_images\tokyo_00093_5253540947.jpg,0.8529660105705261
C:\Users\ANISH\OneDrive\Desktop\osC\DREAMS\Other\Dataset\tokoyo_images\tokyo_00026_7866417206.jpg,C:\Users\ANISH\OneDrive\Desktop\osC\DREAMS\Other\Dataset\tokoyo_images\tokyo_00112_8586130870.jpg,0.8496310710906982
C:\Users\ANISH\OneDrive\Desktop\osC\DREAMS\Other\Dataset\tokoyo_images\tokyo_00028_7959367514.jpg,C:\Users\ANISH\OneDrive\Desktop\osC\DREAMS\Other\Dataset\tokoyo_images\tokyo_00100_2256831999.jpg,0.8567463755607605
C:\Users\ANISH\OneDrive\Desktop\osC\DREAMS\Other\Dataset\tokoyo_images\tokyo_00028_7959367514.jpg,C:\Users\ANISH\OneDrive\Desktop\osC\DREAMS\Other\Dataset\tokoyo_images\tokyo_00124_48257394.jpg,0.8475745320320129
C:\Users\ANISH\OneDrive\Desktop\osC\DREAMS\Other\Dataset\tokoyo_images\tokyo_00028_7959367514.jpg,C:\Users\ANISH\OneDrive\Desktop\osC\DREAMS\Other\Dataset\tokoyo_images\tokyo_00051_6941479030.jpg,0.8311394453048706
C:\Users\ANISH\OneDrive\Desktop\osC\DREAMS\Other\Dataset\tokoyo_images\tokyo_00028_7959367514.jpg,C:\Users\ANISH\OneDrive\Desktop\osC\DREAMS\Other\Dataset\tokoyo_images\tokyo_00082_5366761340.jpg,0.8225102424621582
C:\Users\ANISH\OneDrive\Desktop\osC\DREAMS\Other\Dataset\tokoyo_images\tokyo_00028_7959367514.jpg,C:\Users\ANISH\OneDrive\Desktop\osC\DREAMS\Other\Dataset\tokoyo_images\tokyo_00002_3125862684.jpg,0.8116556406021118
C:\Users\ANISH\OneDrive\Desktop\osC\DREAMS\Other\Dataset\tokoyo_images\tokyo_00029_2521364120.jpg,C:\Users\ANISH\OneDrive\Desktop\osC\DREAMS\Other\Dataset\tokoyo_images\tokyo_00145_6812262249.jpg,0.8579658269882202
C:\Users\ANISH\OneDrive\Desktop\osC\DREAMS\Other\Dataset\tokoyo_images\tokyo_00029_2521364120.jpg,C:\Users\ANISH\OneDrive\Desktop\osC\DREAMS\Other\Dataset\tokoyo_images\tokyo_00175_8581798731.jpg,0.851195216178894
C:\Users\ANISH\OneDrive\Desktop\osC\DREAMS\Other\Dataset\tokoyo_images\tokyo_00029_2521364120.jpg,C:\Users\ANISH\OneDrive\Desktop\osC\DREAMS\Other\Dataset\tokoyo_images\tokyo_00114_1389657314.jpg,0.8462965488433838
C:\Users\ANISH\OneDrive\Desktop\osC\DREAMS\Other\Dataset\tokoyo_images\tokyo_00029_2521364120.jpg,C:\Users\ANISH\OneDrive\Desktop\osC\DREAMS\Other\Dataset\tokoyo_images\tokyo_00185_2652212246.jpg,0.8457772731781006
C:\Users\ANISH\OneDrive\Desktop\osC\DREAMS\Other\Dataset\tokoyo_images\tokyo_00029_2521364120.jpg,C:\Users\ANISH\OneDrive\Desktop\osC\DREAMS\Other\Dataset\tokoyo_images\tokyo_00084_7620079764.jpg,0.8431212902069092
C:\Users\ANISH\OneDrive\Desktop\osC\DREAMS\Other\Dataset\tokoyo_images\tokyo_00030_5022832147.jpg,C:\Users\ANISH\OneDrive\Desktop\osC\DREAMS\Other\Dataset\tokoyo_images\tokyo_00029_2521364120.jpg,0.7821654677391052
C:\Users\ANISH\OneDrive\Desktop\osC\DREAMS\Other\Dataset\tokoyo_images\tokyo_00030_5022832147.jpg,C:\Users\ANISH\OneDrive\Desktop\osC\DREAMS\Other\Dataset\tokoyo_images\tokyo_00185_2652212246.jpg,0.7744497656822205
C:\Users\ANISH\OneDrive\Desktop\osC\DREAMS\Other\Dataset\tokoyo_images\tokyo_00030_5022832147.jpg,C:\Users\ANISH\OneDrive\Desktop\osC\DREAMS\Other\Dataset\tokoyo_images\tokyo_00172_2496012940.jpg,0.7616121768951416
C:\Users\ANISH\OneDrive\Desktop\osC\DREAMS\Other\Dataset\tokoyo_images\tokyo_00030_5022832147.jpg,C:\Users\ANISH\OneDrive\Desktop\osC\DREAMS\Other\Dataset\tokoyo_images\tokyo_00163_6562413907.jpg,0.7500183582305908
C:\Users\ANISH\OneDrive\Desktop\osC\DREAMS\Other\Dataset\tokoyo_images\tokyo_00030_5022832147.jpg,C:\Users\ANISH\OneDrive\Desktop\osC\DREAMS\Other\Dataset\tokoyo_images\tokyo_00192_536931243.jpg,0.7450830936431885
C:\Users\ANISH\OneDrive\Desktop\osC\DREAMS\Other\Dataset\tokoyo_images\tokyo_00034_9332587666.jpg,C:\Users\ANISH\OneDrive\Desktop\osC\DREAMS\Other\Dataset\tokoyo_images\tokyo_00124_48257394.jpg,0.8406140804290771
C:\Users\ANISH\OneDrive\Desktop\osC\DREAMS\Other\Dataset\tokoyo_images\tokyo_00034_9332587666.jpg,C:\Users\ANISH\OneDrive\Desktop\osC\DREAMS\Other\Dataset\tokoyo_images\tokyo_00100_2256831999.jpg,0.8395063877105713
C:\Users\ANISH\OneDrive\Desktop\osC\DREAMS\Other\Dataset\tokoyo_images\tokyo_00034_9332587666.jpg,C:\Users\ANISH\OneDrive\Desktop\osC\DREAMS\Other\Dataset\tokoyo_images\tokyo_00120_5174495241.jpg,0.8201204538345337
C:\Users\ANISH\OneDrive\Desktop\osC\DREAMS\Other\Dataset\tokoyo_images\tokyo_00034_9332587666.jpg,C:\Users\ANISH\OneDrive\Desktop\osC\DREAMS\Other\Dataset\tokoyo_images\tokyo_00112_8586130870.jpg,0.8178812265396118
C:\Users\ANISH\OneDrive\Desktop\osC\DREAMS\Other\Dataset\tokoyo_images\tokyo_00034_9332587666.jpg,C:\Users\ANISH\OneDrive\Desktop\osC\DREAMS\Other\Dataset\tokoyo_images\tokyo_00002_3125862684.jpg,0.814244270324707
C:\Users\ANISH\OneDrive\Desktop\osC\DREAMS\Other\Dataset\tokoyo_images\tokyo_00036_4548033030.jpg,C:\Users\ANISH\OneDrive\Desktop\osC\DREAMS\Other\Dataset\tokoyo_images\tokyo_00127_2647510639.jpg,0.9125379323959351
C:\Users\ANISH\OneDrive\Desktop\osC\DREAMS\Other\Dataset\tokoyo_images\tokyo_00036_4548033030.jpg,C:\Users\ANISH\OneDrive\Desktop\osC\DREAMS\Other\Dataset\tokoyo_images\tokyo_00112_8586130870.jpg,0.8918299674987793
C:\Users\ANISH\OneDrive\Desktop\osC\DREAMS\Other\Dataset\tokoyo_images\tokyo_00036_4548033030.jpg,C:\Users\ANISH\OneDrive\Desktop\osC\DREAMS\Other\Dataset\tokoyo_images\tokyo_00051_6941479030.jpg,0.8911923766136169
C:\Users\ANISH\OneDrive\Desktop\osC\DREAMS\Other\Dataset\tokoyo_images\tokyo_00036_4548033030.jpg,C:\Users\ANISH\OneDrive\Desktop\osC\DREAMS\Other\Dataset\tokoyo_images\tokyo_00002_3125862684.jpg,0.8708747029304504
C:\Users\ANISH\OneDrive\Desktop\osC\DREAMS\Other\Dataset\tokoyo_images\tokyo_00036_4548033030.jpg,C:\Users\ANISH\OneDrive\Desktop\osC\DREAMS\Other\Dataset\tokoyo_images\tokyo_00171_2337992396.jpg,0.8657950162887573
C:\Users\ANISH\OneDrive\Desktop\osC\DREAMS\Other\Dataset\tokoyo_images\tokyo_00038_475729382.jpg,C:\Users\ANISH\OneDrive\Desktop\osC\DREAMS\Other\Dataset\tokoyo_images\tokyo_00120_5174495241.jpg,0.8049637079238892
C:\Users\ANISH\OneDrive\Desktop\osC\DREAMS\Other\Dataset\tokoyo_images\tokyo_00038_475729382.jpg,C:\Users\ANISH\OneDrive\Desktop\osC\DREAMS\Other\Dataset\tokoyo_images\tokyo_00089_6904988588.jpg,0.7816109657287598
C:\Users\ANISH\OneDrive\Desktop\osC\DREAMS\Other\Dataset\tokoyo_images\tokyo_00038_475729382.jpg,C:\Users\ANISH\OneDrive\Desktop\osC\DREAMS\Other\Dataset\tokoyo_images\tokyo_00171_2337992396.jpg,0.7775981426239014
C:\Users\ANISH\OneDrive\Desktop\osC\DREAMS\Other\Dataset\tokoyo_images\tokyo_00038_475729382.jpg,C:\Users\ANISH\OneDrive\Desktop\osC\DREAMS\Other\Dataset\tokoyo_images\tokyo_00025_3000200379.jpg,0.7715268731117249
C:\Users\ANISH\OneDrive\Desktop\osC\DREAMS\Other\Dataset\tokoyo_images\tokyo_00038_475729382.jpg,C:\Users\ANISH\OneDrive\Desktop\osC\DREAMS\Other\Dataset\tokoyo_images\tokyo_00088_2484131462.jpg,0.7643073797225952
C:\Users\ANISH\OneDrive\Desktop\osC\DREAMS\Other\Dataset\tokoyo_images\tokyo_00040_3407654992.jpg,C:\Users\ANISH\OneDrive\Desktop\osC\DREAMS\Other\Dataset\tokoyo_images\tokyo_00100_2256831999.jpg,0.8708171248435974
C:\Users\ANISH\OneDrive\Desktop\osC\DREAMS\Other\Dataset\tokoyo_images\tokyo_00040_3407654992.jpg,C:\Users\ANISH\OneDrive\Desktop\osC\DREAMS\Other\Dataset\tokoyo_images\tokyo_00124_48257394.jpg,0.8658913373947144
C:\Users\ANISH\OneDrive\Desktop\osC\DREAMS\Other\Dataset\tokoyo_images\tokyo_00040_3407654992.jpg,C:\Users\ANISH\OneDrive\Desktop\osC\DREAMS\Other\Dataset\tokoyo_images\tokyo_00051_6941479030.jpg,0.8111457824707031
C:\Users\ANISH\OneDrive\Desktop\osC\DREAMS\Other\Dataset\tokoyo_images\tokyo_00040_3407654992.jpg,C:\Users\ANISH\OneDrive\Desktop\osC\DREAMS\Other\Dataset\tokoyo_images\tokyo_00155_12190011116.jpg,0.8084762096405029
C:\Users\ANISH\OneDrive\Desktop\osC\DREAMS\Other\Dataset\tokoyo_images\tokyo_00040_3407654992.jpg,C:\Users\ANISH\OneDrive\Desktop\osC\DREAMS\Other\Dataset\tokoyo_images\tokyo_00028_7959367514.jpg,0.8077000975608826
C:\Users\ANISH\OneDrive\Desktop\osC\DREAMS\Other\Dataset\tokoyo_images\tokyo_00042_5037486231.jpg,C:\Users\ANISH\OneDrive\Desktop\osC\DREAMS\Other\Dataset\tokoyo_images\tokyo_00114_1389657314.jpg,0.802925705909729
C:\Users\ANISH\OneDrive\Desktop\osC\DREAMS\Other\Dataset\tokoyo_images\tokyo_00042_5037486231.jpg,C:\Users\ANISH\OneDrive\Desktop\osC\DREAMS\Other\Dataset\tokoyo_images\tokyo_00145_6812262249.jpg,0.7934547066688538
C:\Users\ANISH\OneDrive\Desktop\osC\DREAMS\Other\Dataset\tokoyo_images\tokyo_00042_5037486231.jpg,C:\Users\ANISH\OneDrive\Desktop\osC\DREAMS\Other\Dataset\tokoyo_images\tokyo_00060_497114424.jpg,0.785819411277771
C:\Users\ANISH\OneDrive\Desktop\osC\DREAMS\Other\Dataset\tokoyo_images\tokyo_00042_5037486231.jpg,C:\Users\ANISH\OneDrive\Desktop\osC\DREAMS\Other\Dataset\tokoyo_images\tokyo_00101_8865410130.jpg,0.7789666652679443
C:\Users\ANISH\OneDrive\Desktop\osC\DREAMS\Other\Dataset\tokoyo_images\tokyo_00042_5037486231.jpg,C:\Users\ANISH\OneDrive\Desktop\osC\DREAMS\Other\Dataset\tokoyo_images\tokyo_00155_12190011116.jpg,0.7755140066146851
C:\Users\ANISH\OneDrive\Desktop\osC\DREAMS\Other\Dataset\tokoyo_images\tokyo_00051_6941479030.jpg,C:\Users\ANISH\OneDrive\Desktop\osC\DREAMS\Other\Dataset\tokoyo_images\tokyo_00127_2647510639.jpg,0.9236620664596558
C:\Users\ANISH\OneDrive\Desktop\osC\DREAMS\Other\Dataset\tokoyo_images\tokyo_00051_6941479030.jpg,C:\Users\ANISH\OneDrive\Desktop\osC\DREAMS\Other\Dataset\tokoyo_images\tokyo_00112_8586130870.jpg,0.9004083275794983
C:\Users\ANISH\OneDrive\Desktop\osC\DREAMS\Other\Dataset\tokoyo_images\tokyo_00051_6941479030.jpg,C:\Users\ANISH\OneDrive\Desktop\osC\DREAMS\Other\Dataset\tokoyo_images\tokyo_00036_4548033030.jpg,0.8911923766136169
C:\Users\ANISH\OneDrive\Desktop\osC\DREAMS\Other\Dataset\tokoyo_images\tokyo_00051_6941479030.jpg,C:\Users\ANISH\OneDrive\Desktop\osC\DREAMS\Other\Dataset\tokoyo_images\tokyo_00024_4575832352.jpg,0.8727439641952515
C:\Users\ANISH\OneDrive\Desktop\osC\DREAMS\Other\Dataset\tokoyo_images\tokyo_00051_6941479030.jpg,C:\Users\ANISH\OneDrive\Desktop\osC\DREAMS\Other\Dataset\tokoyo_images\tokyo_00002_3125862684.jpg,0.8652595281600952
C:\Users\ANISH\OneDrive\Desktop\osC\DREAMS\Other\Dataset\tokoyo_images\tokyo_00054_3545419783.jpg,C:\Users\ANISH\OneDrive\Desktop\osC\DREAMS\Other\Dataset\tokoyo_images\tokyo_00119_6867667800.jpg,0.8530462980270386
C:\Users\ANISH\OneDrive\Desktop\osC\DREAMS\Other\Dataset\tokoyo_images\tokyo_00054_3545419783.jpg,C:\Users\ANISH\OneDrive\Desktop\osC\DREAMS\Other\Dataset\tokoyo_images\tokyo_00124_48257394.jpg,0.8141238689422607
C:\Users\ANISH\OneDrive\Desktop\osC\DREAMS\Other\Dataset\tokoyo_images\tokyo_00054_3545419783.jpg,C:\Users\ANISH\OneDrive\Desktop\osC\DREAMS\Other\Dataset\tokoyo_images\tokyo_00100_2256831999.jpg,0.810046911239624
C:\Users\ANISH\OneDrive\Desktop\osC\DREAMS\Other\Dataset\tokoyo_images\tokyo_00054_3545419783.jpg,C:\Users\ANISH\OneDrive\Desktop\osC\DREAMS\Other\Dataset\tokoyo_images\tokyo_00113_8025476891.jpg,0.8048984408378601
C:\Users\ANISH\OneDrive\Desktop\osC\DREAMS\Other\Dataset\tokoyo_images\tokyo_00054_3545419783.jpg,C:\Users\ANISH\OneDrive\Desktop\osC\DREAMS\Other\Dataset\tokoyo_images\tokyo_00017_6553547105.jpg,0.8018735647201538
C:\Users\ANISH\OneDrive\Desktop\osC\DREAMS\Other\Dataset\tokoyo_images\tokyo_00060_497114424.jpg,C:\Users\ANISH\OneDrive\Desktop\osC\DREAMS\Other\Dataset\tokoyo_images\tokyo_00082_5366761340.jpg,0.8416453003883362
C:\Users\ANISH\OneDrive\Desktop\osC\DREAMS\Other\Dataset\tokoyo_images\tokyo_00060_497114424.jpg,C:\Users\ANISH\OneDrive\Desktop\osC\DREAMS\Other\Dataset\tokoyo_images\tokyo_00145_6812262249.jpg,0.8385106325149536
C:\Users\ANISH\OneDrive\Desktop\osC\DREAMS\Other\Dataset\tokoyo_images\tokyo_00060_497114424.jpg,C:\Users\ANISH\OneDrive\Desktop\osC\DREAMS\Other\Dataset\tokoyo_images\tokyo_00024_4575832352.jpg,0.8279024362564087
C:\Users\ANISH\OneDrive\Desktop\osC\DREAMS\Other\Dataset\tokoyo_images\tokyo_00060_497114424.jpg,C:\Users\ANISH\OneDrive\Desktop\osC\DREAMS\Other\Dataset\tokoyo_images\tokyo_00036_4548033030.jpg,0.8161811828613281
C:\Users\ANISH\OneDrive\Desktop\osC\DREAMS\Other\Dataset\tokoyo_images\tokyo_00060_497114424.jpg,C:\Users\ANISH\OneDrive\Desktop\osC\DREAMS\Other\Dataset\tokoyo_images\tokyo_00127_2647510639.jpg,0.8152122497558594
C:\Users\ANISH\OneDrive\Desktop\osC\DREAMS\Other\Dataset\tokoyo_images\tokyo_00062_392064829.jpg,C:\Users\ANISH\OneDrive\Desktop\osC\DREAMS\Other\Dataset\tokoyo_images\tokyo_00114_1389657314.jpg,0.8212144374847412
C:\Users\ANISH\OneDrive\Desktop\osC\DREAMS\Other\Dataset\tokoyo_images\tokyo_00062_392064829.jpg,C:\Users\ANISH\OneDrive\Desktop\osC\DREAMS\Other\Dataset\tokoyo_images\tokyo_00145_6812262249.jpg,0.7939584255218506
C:\Users\ANISH\OneDrive\Desktop\osC\DREAMS\Other\Dataset\tokoyo_images\tokyo_00062_392064829.jpg,C:\Users\ANISH\OneDrive\Desktop\osC\DREAMS\Other\Dataset\tokoyo_images\tokyo_00183_1335952619.jpg,0.7860777378082275
C:\Users\ANISH\OneDrive\Desktop\osC\DREAMS\Other\Dataset\tokoyo_images\tokyo_00062_392064829.jpg,C:\Users\ANISH\OneDrive\Desktop\osC\DREAMS\Other\Dataset\tokoyo_images\tokyo_00101_8865410130.jpg,0.7851481437683105
C:\Users\ANISH\OneDrive\Desktop\osC\DREAMS\Other\Dataset\tokoyo_images\tokyo_00062_392064829.jpg,C:\Users\ANISH\OneDrive\Desktop\osC\DREAMS\Other\Dataset\tokoyo_images\tokyo_00029_2521364120.jpg,0.7819998264312744
C:\Users\ANISH\OneDrive\Desktop\osC\DREAMS\Other\Dataset\tokoyo_images\tokyo_00082_5366761340.jpg,C:\Users\ANISH\OneDrive\Desktop\osC\DREAMS\Other\Dataset\tokoyo_images\tokyo_00145_6812262249.jpg,0.9106815457344055
C:\Users\ANISH\OneDrive\Desktop\osC\DREAMS\Other\Dataset\tokoyo_images\tokyo_00082_5366761340.jpg,C:\Users\ANISH\OneDrive\Desktop\osC\DREAMS\Other\Dataset\tokoyo_images\tokyo_00026_7866417206.jpg,0.8912168741226196
C:\Users\ANISH\OneDrive\Desktop\osC\DREAMS\Other\Dataset\tokoyo_images\tokyo_00082_5366761340.jpg,C:\Users\ANISH\OneDrive\Desktop\osC\DREAMS\Other\Dataset\tokoyo_images\tokyo_00175_8581798731.jpg,0.8495470285415649
C:\Users\ANISH\OneDrive\Desktop\osC\DREAMS\Other\Dataset\tokoyo_images\tokyo_00082_5366761340.jpg,C:\Users\ANISH\OneDrive\Desktop\osC\DREAMS\Other\Dataset\tokoyo_images\tokyo_00060_497114424.jpg,0.8416453003883362
C:\Users\ANISH\OneDrive\Desktop\osC\DREAMS\Other\Dataset\tokoyo_images\tokyo_00082_5366761340.jpg,C:\Users\ANISH\OneDrive\Desktop\osC\DREAMS\Other\Dataset\tokoyo_images\tokyo_00029_2521364120.jpg,0.840941846370697
C:\Users\ANISH\OneDrive\Desktop\osC\DREAMS\Other\Dataset\tokoyo_images\tokyo_00084_7620079764.jpg,C:\Users\ANISH\OneDrive\Desktop\osC\DREAMS\Other\Dataset\tokoyo_images\tokyo_00122_3688081236.jpg,0.8647985458374023
C:\Users\ANISH\OneDrive\Desktop\osC\DREAMS\Other\Dataset\tokoyo_images\tokyo_00084_7620079764.jpg,C:\Users\ANISH\OneDrive\Desktop\osC\DREAMS\Other\Dataset\tokoyo_images\tokyo_00029_2521364120.jpg,0.8431212902069092
C:\Users\ANISH\OneDrive\Desktop\osC\DREAMS\Other\Dataset\tokoyo_images\tokyo_00084_7620079764.jpg,C:\Users\ANISH\OneDrive\Desktop\osC\DREAMS\Other\Dataset\tokoyo_images\tokyo_00175_8581798731.jpg,0.8355728387832642
C:\Users\ANISH\OneDrive\Desktop\osC\DREAMS\Other\Dataset\tokoyo_images\tokyo_00084_7620079764.jpg,C:\Users\ANISH\OneDrive\Desktop\osC\DREAMS\Other\Dataset\tokoyo_images\tokyo_00188_4675052823.jpg,0.8331197500228882
C:\Users\ANISH\OneDrive\Desktop\osC\DREAMS\Other\Dataset\tokoyo_images\tokyo_00084_7620079764.jpg,C:\Users\ANISH\OneDrive\Desktop\osC\DREAMS\Other\Dataset\tokoyo_images\tokyo_00024_4575832352.jpg,0.8328166604042053
C:\Users\ANISH\OneDrive\Desktop\osC\DREAMS\Other\Dataset\tokoyo_images\tokyo_00086_6899892784.jpg,C:\Users\ANISH\OneDrive\Desktop\osC\DREAMS\Other\Dataset\tokoyo_images\tokyo_00025_3000200379.jpg,0.8511315584182739
C:\Users\ANISH\OneDrive\Desktop\osC\DREAMS\Other\Dataset\tokoyo_images\tokyo_00086_6899892784.jpg,C:\Users\ANISH\OneDrive\Desktop\osC\DREAMS\Other\Dataset\tokoyo_images\tokyo_00026_7866417206.jpg,0.8471512794494629
C:\Users\ANISH\OneDrive\Desktop\osC\DREAMS\Other\Dataset\tokoyo_images\tokyo_00086_6899892784.jpg,C:\Users\ANISH\OneDrive\Desktop\osC\DREAMS\Other\Dataset\tokoyo_images\tokyo_00175_8581798731.jpg,0.82588130235672
C:\Users\ANISH\OneDrive\Desktop\osC\DREAMS\Other\Dataset\tokoyo_images\tokyo_00086_6899892784.jpg,C:\Users\ANISH\OneDrive\Desktop\osC\DREAMS\Other\Dataset\tokoyo_images\tokyo_00172_2496012940.jpg,0.8139032125473022
C:\Users\ANISH\OneDrive\Desktop\osC\DREAMS\Other\Dataset\tokoyo_images\tokyo_00086_6899892784.jpg,C:\Users\ANISH\OneDrive\Desktop\osC\DREAMS\Other\Dataset\tokoyo_images\tokyo_00161_11903148366.jpg,0.800570011138916
C:\Users\ANISH\OneDrive\Desktop\osC\DREAMS\Other\Dataset\tokoyo_images\tokyo_00088_2484131462.jpg,C:\Users\ANISH\OneDrive\Desktop\osC\DREAMS\Other\Dataset\tokoyo_images\tokyo_00172_2496012940.jpg,0.7791215777397156
C:\Users\ANISH\OneDrive\Desktop\osC\DREAMS\Other\Dataset\tokoyo_images\tokyo_00088_2484131462.jpg,C:\Users\ANISH\OneDrive\Desktop\osC\DREAMS\Other\Dataset\tokoyo_images\tokyo_00113_8025476891.jpg,0.7729676365852356
C:\Users\ANISH\OneDrive\Desktop\osC\DREAMS\Other\Dataset\tokoyo_images\tokyo_00088_2484131462.jpg,C:\Users\ANISH\OneDrive\Desktop\osC\DREAMS\Other\Dataset\tokoyo_images\tokyo_00145_6812262249.jpg,0.7681537866592407
C:\Users\ANISH\OneDrive\Desktop\osC\DREAMS\Other\Dataset\tokoyo_images\tokyo_00088_2484131462.jpg,C:\Users\ANISH\OneDrive\Desktop\osC\DREAMS\Other\Dataset\tokoyo_images\tokyo_00086_6899892784.jpg,0.767898678779602
C:\Users\ANISH\OneDrive\Desktop\osC\DREAMS\Other\Dataset\tokoyo_images\tokyo_00088_2484131462.jpg,C:\Users\ANISH\OneDrive\Desktop\osC\DREAMS\Other\Dataset\tokoyo_images\tokyo_00120_5174495241.jpg,0.7669311165809631
C:\Users\ANISH\OneDrive\Desktop\osC\DREAMS\Other\Dataset\tokoyo_images\tokyo_00089_6904988588.jpg,C:\Users\ANISH\OneDrive\Desktop\osC\DREAMS\Other\Dataset\tokoyo_images\tokyo_00025_3000200379.jpg,0.8021942377090454
C:\Users\ANISH\OneDrive\Desktop\osC\DREAMS\Other\Dataset\tokoyo_images\tokyo_00089_6904988588.jpg,C:\Users\ANISH\OneDrive\Desktop\osC\DREAMS\Other\Dataset\tokoyo_images\tokyo_00154_8108509730.jpg,0.7921220064163208
C:\Users\ANISH\OneDrive\Desktop\osC\DREAMS\Other\Dataset\tokoyo_images\tokyo_00089_6904988588.jpg,C:\Users\ANISH\OneDrive\Desktop\osC\DREAMS\Other\Dataset\tokoyo_images\tokyo_00034_9332587666.jpg,0.791861355304718
C:\Users\ANISH\OneDrive\Desktop\osC\DREAMS\Other\Dataset\tokoyo_images\tokyo_00089_6904988588.jpg,C:\Users\ANISH\OneDrive\Desktop\osC\DREAMS\Other\Dataset\tokoyo_images\tokyo_00100_2256831999.jpg,0.7853336334228516
C:\Users\ANISH\OneDrive\Desktop\osC\DREAMS\Other\Dataset\tokoyo_images\tokyo_00089_6904988588.jpg,C:\Users\ANISH\OneDrive\Desktop\osC\DREAMS\Other\Dataset\tokoyo_images\tokyo_00038_475729382.jpg,0.7816109657287598
C:\Users\ANISH\OneDrive\Desktop\osC\DREAMS\Other\Dataset\tokoyo_images\tokyo_00093_5253540947.jpg,C:\Users\ANISH\OneDrive\Desktop\osC\DREAMS\Other\Dataset\tokoyo_images\tokyo_00026_7866417206.jpg,0.8529660105705261
C:\Users\ANISH\OneDrive\Desktop\osC\DREAMS\Other\Dataset\tokoyo_images\tokyo_00093_5253540947.jpg,C:\Users\ANISH\OneDrive\Desktop\osC\DREAMS\Other\Dataset\tokoyo_images\tokyo_00178_5047018807.jpg,0.8471627235412598
C:\Users\ANISH\OneDrive\Desktop\osC\DREAMS\Other\Dataset\tokoyo_images\tokyo_00093_5253540947.jpg,C:\Users\ANISH\OneDrive\Desktop\osC\DREAMS\Other\Dataset\tokoyo_images\tokyo_00153_7904495056.jpg,0.8400075435638428
C:\Users\ANISH\OneDrive\Desktop\osC\DREAMS\Other\Dataset\tokoyo_images\tokyo_00093_5253540947.jpg,C:\Users\ANISH\OneDrive\Desktop\osC\DREAMS\Other\Dataset\tokoyo_images\tokyo_00082_5366761340.jpg,0.8253437876701355
C:\Users\ANISH\OneDrive\Desktop\osC\DREAMS\Other\Dataset\tokoyo_images\tokyo_00093_5253540947.jpg,C:\Users\ANISH\OneDrive\Desktop\osC\DREAMS\Other\Dataset\tokoyo_images\tokyo_00017_6553547105.jpg,0.8245512247085571
C:\Users\ANISH\OneDrive\Desktop\osC\DREAMS\Other\Dataset\tokoyo_images\tokyo_00096_7017898343.jpg,C:\Users\ANISH\OneDrive\Desktop\osC\DREAMS\Other\Dataset\tokoyo_images\tokyo_00003_6332937940.jpg,0.8362643122673035
C:\Users\ANISH\OneDrive\Desktop\osC\DREAMS\Other\Dataset\tokoyo_images\tokyo_00096_7017898343.jpg,C:\Users\ANISH\OneDrive\Desktop\osC\DREAMS\Other\Dataset\tokoyo_images\tokyo_00153_7904495056.jpg,0.8301193118095398
C:\Users\ANISH\OneDrive\Desktop\osC\DREAMS\Other\Dataset\tokoyo_images\tokyo_00096_7017898343.jpg,C:\Users\ANISH\OneDrive\Desktop\osC\DREAMS\Other\Dataset\tokoyo_images\tokyo_00024_4575832352.jpg,0.8239352107048035
C:\Users\ANISH\OneDrive\Desktop\osC\DREAMS\Other\Dataset\tokoyo_images\tokyo_00096_7017898343.jpg,C:\Users\ANISH\OneDrive\Desktop\osC\DREAMS\Other\Dataset\tokoyo_images\tokyo_00163_6562413907.jpg,0.8191320896148682
C:\Users\ANISH\OneDrive\Desktop\osC\DREAMS\Other\Dataset\tokoyo_images\tokyo_00096_7017898343.jpg,C:\Users\ANISH\OneDrive\Desktop\osC\DREAMS\Other\Dataset\tokoyo_images\tokyo_00093_5253540947.jpg,0.8144435286521912
C:\Users\ANISH\OneDrive\Desktop\osC\DREAMS\Other\Dataset\tokoyo_images\tokyo_00100_2256831999.jpg,C:\Users\ANISH\OneDrive\Desktop\osC\DREAMS\Other\Dataset\tokoyo_images\tokyo_00124_48257394.jpg,0.922806978225708
C:\Users\ANISH\OneDrive\Desktop\osC\DREAMS\Other\Dataset\tokoyo_images\tokyo_00100_2256831999.jpg,C:\Users\ANISH\OneDrive\Desktop\osC\DREAMS\Other\Dataset\tokoyo_images\tokyo_00040_3407654992.jpg,0.8708171248435974
C:\Users\ANISH\OneDrive\Desktop\osC\DREAMS\Other\Dataset\tokoyo_images\tokyo_00100_2256831999.jpg,C:\Users\ANISH\OneDrive\Desktop\osC\DREAMS\Other\Dataset\tokoyo_images\tokyo_00051_6941479030.jpg,0.8578060865402222
C:\Users\ANISH\OneDrive\Desktop\osC\DREAMS\Other\Dataset\tokoyo_images\tokyo_00100_2256831999.jpg,C:\Users\ANISH\OneDrive\Desktop\osC\DREAMS\Other\Dataset\tokoyo_images\tokyo_00028_7959367514.jpg,0.8567463755607605
C:\Users\ANISH\OneDrive\Desktop\osC\DREAMS\Other\Dataset\tokoyo_images\tokyo_00100_2256831999.jpg,C:\Users\ANISH\OneDrive\Desktop\osC\DREAMS\Other\Dataset\tokoyo_images\tokyo_00034_9332587666.jpg,0.8395063877105713
C:\Users\ANISH\OneDrive\Desktop\osC\DREAMS\Other\Dataset\tokoyo_images\tokyo_00101_8865410130.jpg,C:\Users\ANISH\OneDrive\Desktop\osC\DREAMS\Other\Dataset\tokoyo_images\tokyo_00114_1389657314.jpg,0.8462558388710022
C:\Users\ANISH\OneDrive\Desktop\osC\DREAMS\Other\Dataset\tokoyo_images\tokyo_00101_8865410130.jpg,C:\Users\ANISH\OneDrive\Desktop\osC\DREAMS\Other\Dataset\tokoyo_images\tokyo_00145_6812262249.jpg,0.8249168395996094
C:\Users\ANISH\OneDrive\Desktop\osC\DREAMS\Other\Dataset\tokoyo_images\tokyo_00101_8865410130.jpg,C:\Users\ANISH\OneDrive\Desktop\osC\DREAMS\Other\Dataset\tokoyo_images\tokyo_00082_5366761340.jpg,0.8164396286010742
C:\Users\ANISH\OneDrive\Desktop\osC\DREAMS\Other\Dataset\tokoyo_images\tokyo_00101_8865410130.jpg,C:\Users\ANISH\OneDrive\Desktop\osC\DREAMS\Other\Dataset\tokoyo_images\tokyo_00084_7620079764.jpg,0.8069415092468262
C:\Users\ANISH\OneDrive\Desktop\osC\DREAMS\Other\Dataset\tokoyo_images\tokyo_00101_8865410130.jpg,C:\Users\ANISH\OneDrive\Desktop\osC\DREAMS\Other\Dataset\tokoyo_images\tokyo_00029_2521364120.jpg,0.801547110080719
C:\Users\ANISH\OneDrive\Desktop\osC\DREAMS\Other\Dataset\tokoyo_images\tokyo_00106_6431127795.jpg,C:\Users\ANISH\OneDrive\Desktop\osC\DREAMS\Other\Dataset\tokoyo_images\tokyo_00022_6431320025.jpg,0.8882004022598267
C:\Users\ANISH\OneDrive\Desktop\osC\DREAMS\Other\Dataset\tokoyo_images\tokyo_00106_6431127795.jpg,C:\Users\ANISH\OneDrive\Desktop\osC\DREAMS\Other\Dataset\tokoyo_images\tokyo_00122_3688081236.jpg,0.7953662872314453
C:\Users\ANISH\OneDrive\Desktop\osC\DREAMS\Other\Dataset\tokoyo_images\tokyo_00106_6431127795.jpg,C:\Users\ANISH\OneDrive\Desktop\osC\DREAMS\Other\Dataset\tokoyo_images\tokyo_00024_4575832352.jpg,0.7952273488044739
C:\Users\ANISH\OneDrive\Desktop\osC\DREAMS\Other\Dataset\tokoyo_images\tokyo_00106_6431127795.jpg,C:\Users\ANISH\OneDrive\Desktop\osC\DREAMS\Other\Dataset\tokoyo_images\tokyo_00051_6941479030.jpg,0.7852292060852051
C:\Users\ANISH\OneDrive\Desktop\osC\DREAMS\Other\Dataset\tokoyo_images\tokyo_00106_6431127795.jpg,C:\Users\ANISH\OneDrive\Desktop\osC\DREAMS\Other\Dataset\tokoyo_images\tokyo_00112_8586130870.jpg,0.7829740047454834
C:\Users\ANISH\OneDrive\Desktop\osC\DREAMS\Other\Dataset\tokoyo_images\tokyo_00112_8586130870.jpg,C:\Users\ANISH\OneDrive\Desktop\osC\DREAMS\Other\Dataset\tokoyo_images\tokyo_00127_2647510639.jpg,0.9353138208389282
C:\Users\ANISH\OneDrive\Desktop\osC\DREAMS\Other\Dataset\tokoyo_images\tokyo_00112_8586130870.jpg,C:\Users\ANISH\OneDrive\Desktop\osC\DREAMS\Other\Dataset\tokoyo_images\tokyo_00051_6941479030.jpg,0.9004083275794983
C:\Users\ANISH\OneDrive\Desktop\osC\DREAMS\Other\Dataset\tokoyo_images\tokyo_00112_8586130870.jpg,C:\Users\ANISH\OneDrive\Desktop\osC\DREAMS\Other\Dataset\tokoyo_images\tokyo_00036_4548033030.jpg,0.8918299674987793
C:\Users\ANISH\OneDrive\Desktop\osC\DREAMS\Other\Dataset\tokoyo_images\tokyo_00112_8586130870.jpg,C:\Users\ANISH\OneDrive\Desktop\osC\DREAMS\Other\Dataset\tokoyo_images\tokyo_00002_3125862684.jpg,0.8789855241775513
C:\Users\ANISH\OneDrive\Desktop\osC\DREAMS\Other\Dataset\tokoyo_images\tokyo_00112_8586130870.jpg,C:\Users\ANISH\OneDrive\Desktop\osC\DREAMS\Other\Dataset\tokoyo_images\tokyo_00026_7866417206.jpg,0.8496310710906982
C:\Users\ANISH\OneDrive\Desktop\osC\DREAMS\Other\Dataset\tokoyo_images\tokyo_00113_8025476891.jpg,C:\Users\ANISH\OneDrive\Desktop\osC\DREAMS\Other\Dataset\tokoyo_images\tokyo_00124_48257394.jpg,0.828220009803772
C:\Users\ANISH\OneDrive\Desktop\osC\DREAMS\Other\Dataset\tokoyo_images\tokyo_00113_8025476891.jpg,C:\Users\ANISH\OneDrive\Desktop\osC\DREAMS\Other\Dataset\tokoyo_images\tokyo_00100_2256831999.jpg,0.8178779482841492
C:\Users\ANISH\OneDrive\Desktop\osC\DREAMS\Other\Dataset\tokoyo_images\tokyo_00113_8025476891.jpg,C:\Users\ANISH\OneDrive\Desktop\osC\DREAMS\Other\Dataset\tokoyo_images\tokyo_00054_3545419783.jpg,0.8048984408378601
C:\Users\ANISH\OneDrive\Desktop\osC\DREAMS\Other\Dataset\tokoyo_images\tokyo_00113_8025476891.jpg,C:\Users\ANISH\OneDrive\Desktop\osC\DREAMS\Other\Dataset\tokoyo_images\tokyo_00017_6553547105.jpg,0.7956656217575073
C:\Users\ANISH\OneDrive\Desktop\osC\DREAMS\Other\Dataset\tokoyo_images\tokyo_00113_8025476891.jpg,C:\Users\ANISH\OneDrive\Desktop\osC\DREAMS\Other\Dataset\tokoyo_images\tokyo_00034_9332587666.jpg,0.7928510308265686
C:\Users\ANISH\OneDrive\Desktop\osC\DREAMS\Other\Dataset\tokoyo_images\tokyo_00114_1389657314.jpg,C:\Users\ANISH\OneDrive\Desktop\osC\DREAMS\Other\Dataset\tokoyo_images\tokyo_00139_4386900287.jpg,0.8593799471855164
C:\Users\ANISH\OneDrive\Desktop\osC\DREAMS\Other\Dataset\tokoyo_images\tokyo_00114_1389657314.jpg,C:\Users\ANISH\OneDrive\Desktop\osC\DREAMS\Other\Dataset\tokoyo_images\tokyo_00145_6812262249.jpg,0.8580816984176636
C:\Users\ANISH\OneDrive\Desktop\osC\DREAMS\Other\Dataset\tokoyo_images\tokyo_00114_1389657314.jpg,C:\Users\ANISH\OneDrive\Desktop\osC\DREAMS\Other\Dataset\tokoyo_images\tokyo_00175_8581798731.jpg,0.8540228009223938
C:\Users\ANISH\OneDrive\Desktop\osC\DREAMS\Other\Dataset\tokoyo_images\tokyo_00114_1389657314.jpg,C:\Users\ANISH\OneDrive\Desktop\osC\DREAMS\Other\Dataset\tokoyo_images\tokyo_00029_2521364120.jpg,0.8462965488433838
C:\Users\ANISH\OneDrive\Desktop\osC\DREAMS\Other\Dataset\tokoyo_images\tokyo_00114_1389657314.jpg,C:\Users\ANISH\OneDrive\Desktop\osC\DREAMS\Other\Dataset\tokoyo_images\tokyo_00101_8865410130.jpg,0.8462558388710022
C:\Users\ANISH\OneDrive\Desktop\osC\DREAMS\Other\Dataset\tokoyo_images\tokyo_00119_6867667800.jpg,C:\Users\ANISH\OneDrive\Desktop\osC\DREAMS\Other\Dataset\tokoyo_images\tokyo_00054_3545419783.jpg,0.8530462980270386
C:\Users\ANISH\OneDrive\Desktop\osC\DREAMS\Other\Dataset\tokoyo_images\tokyo_00119_6867667800.jpg,C:\Users\ANISH\OneDrive\Desktop\osC\DREAMS\Other\Dataset\tokoyo_images\tokyo_00084_7620079764.jpg,0.81715327501297
C:\Users\ANISH\OneDrive\Desktop\osC\DREAMS\Other\Dataset\tokoyo_images\tokyo_00119_6867667800.jpg,C:\Users\ANISH\OneDrive\Desktop\osC\DREAMS\Other\Dataset\tokoyo_images\tokyo_00171_2337992396.jpg,0.810421347618103
C:\Users\ANISH\OneDrive\Desktop\osC\DREAMS\Other\Dataset\tokoyo_images\tokyo_00119_6867667800.jpg,C:\Users\ANISH\OneDrive\Desktop\osC\DREAMS\Other\Dataset\tokoyo_images\tokyo_00017_6553547105.jpg,0.8084912300109863
C:\Users\ANISH\OneDrive\Desktop\osC\DREAMS\Other\Dataset\tokoyo_images\tokyo_00119_6867667800.jpg,C:\Users\ANISH\OneDrive\Desktop\osC\DREAMS\Other\Dataset\tokoyo_images\tokyo_00183_1335952619.jpg,0.8008479475975037
C:\Users\ANISH\OneDrive\Desktop\osC\DREAMS\Other\Dataset\tokoyo_images\tokyo_00120_5174495241.jpg,C:\Users\ANISH\OneDrive\Desktop\osC\DREAMS\Other\Dataset\tokoyo_images\tokyo_00124_48257394.jpg,0.8335304260253906
C:\Users\ANISH\OneDrive\Desktop\osC\DREAMS\Other\Dataset\tokoyo_images\tokyo_00120_5174495241.jpg,C:\Users\ANISH\OneDrive\Desktop\osC\DREAMS\Other\Dataset\tokoyo_images\tokyo_00024_4575832352.jpg,0.8265330791473389
C:\Users\ANISH\OneDrive\Desktop\osC\DREAMS\Other\Dataset\tokoyo_images\tokyo_00120_5174495241.jpg,C:\Users\ANISH\OneDrive\Desktop\osC\DREAMS\Other\Dataset\tokoyo_images\tokyo_00154_8108509730.jpg,0.8235045671463013
C:\Users\ANISH\OneDrive\Desktop\osC\DREAMS\Other\Dataset\tokoyo_images\tokyo_00120_5174495241.jpg,C:\Users\ANISH\OneDrive\Desktop\osC\DREAMS\Other\Dataset\tokoyo_images\tokyo_00026_7866417206.jpg,0.8210164308547974
C:\Users\ANISH\OneDrive\Desktop\osC\DREAMS\Other\Dataset\tokoyo_images\tokyo_00120_5174495241.jpg,C:\Users\ANISH\OneDrive\Desktop\osC\DREAMS\Other\Dataset\tokoyo_images\tokyo_00034_9332587666.jpg,0.8201204538345337
C:\Users\ANISH\OneDrive\Desktop\osC\DREAMS\Other\Dataset\tokoyo_images\tokyo_00122_3688081236.jpg,C:\Users\ANISH\OneDrive\Desktop\osC\DREAMS\Other\Dataset\tokoyo_images\tokyo_00024_4575832352.jpg,0.8836240768432617
C:\Users\ANISH\OneDrive\Desktop\osC\DREAMS\Other\Dataset\tokoyo_images\tokyo_00122_3688081236.jpg,C:\Users\ANISH\OneDrive\Desktop\osC\DREAMS\Other\Dataset\tokoyo_images\tokyo_00084_7620079764.jpg,0.8647985458374023
C:\Users\ANISH\OneDrive\Desktop\osC\DREAMS\Other\Dataset\tokoyo_images\tokyo_00122_3688081236.jpg,C:\Users\ANISH\OneDrive\Desktop\osC\DREAMS\Other\Dataset\tokoyo_images\tokyo_00051_6941479030.jpg,0.8606506586074829
C:\Users\ANISH\OneDrive\Desktop\osC\DREAMS\Other\Dataset\tokoyo_images\tokyo_00122_3688081236.jpg,C:\Users\ANISH\OneDrive\Desktop\osC\DREAMS\Other\Dataset\tokoyo_images\tokyo_00185_2652212246.jpg,0.8455252647399902
C:\Users\ANISH\OneDrive\Desktop\osC\DREAMS\Other\Dataset\tokoyo_images\tokyo_00122_3688081236.jpg,C:\Users\ANISH\OneDrive\Desktop\osC\DREAMS\Other\Dataset\tokoyo_images\tokyo_00188_4675052823.jpg,0.8427067995071411
C:\Users\ANISH\OneDrive\Desktop\osC\DREAMS\Other\Dataset\tokoyo_images\tokyo_00124_48257394.jpg,C:\Users\ANISH\OneDrive\Desktop\osC\DREAMS\Other\Dataset\tokoyo_images\tokyo_00100_2256831999.jpg,0.922806978225708
C:\Users\ANISH\OneDrive\Desktop\osC\DREAMS\Other\Dataset\tokoyo_images\tokyo_00124_48257394.jpg,C:\Users\ANISH\OneDrive\Desktop\osC\DREAMS\Other\Dataset\tokoyo_images\tokyo_00040_3407654992.jpg,0.8658913373947144
C:\Users\ANISH\OneDrive\Desktop\osC\DREAMS\Other\Dataset\tokoyo_images\tokyo_00124_48257394.jpg,C:\Users\ANISH\OneDrive\Desktop\osC\DREAMS\Other\Dataset\tokoyo_images\tokyo_00155_12190011116.jpg,0.853499710559845
C:\Users\ANISH\OneDrive\Desktop\osC\DREAMS\Other\Dataset\tokoyo_images\tokyo_00124_48257394.jpg,C:\Users\ANISH\OneDrive\Desktop\osC\DREAMS\Other\Dataset\tokoyo_images\tokyo_00028_7959367514.jpg,0.8475745320320129
C:\Users\ANISH\OneDrive\Desktop\osC\DREAMS\Other\Dataset\tokoyo_images\tokyo_00124_48257394.jpg,C:\Users\ANISH\OneDrive\Desktop\osC\DREAMS\Other\Dataset\tokoyo_images\tokyo_00034_9332587666.jpg,0.8406140804290771
C:\Users\ANISH\OneDrive\Desktop\osC\DREAMS\Other\Dataset\tokoyo_images\tokyo_00127_2647510639.jpg,C:\Users\ANISH\OneDrive\Desktop\osC\DREAMS\Other\Dataset\tokoyo_images\tokyo_00112_8586130870.jpg,0.9353138208389282
C:\Users\ANISH\OneDrive\Desktop\osC\DREAMS\Other\Dataset\tokoyo_images\tokyo_00127_2647510639.jpg,C:\Users\ANISH\OneDrive\Desktop\osC\DREAMS\Other\Dataset\tokoyo_images\tokyo_00051_6941479030.jpg,0.9236620664596558
C:\Users\ANISH\OneDrive\Desktop\osC\DREAMS\Other\Dataset\tokoyo_images\tokyo_00127_2647510639.jpg,C:\Users\ANISH\OneDrive\Desktop\osC\DREAMS\Other\Dataset\tokoyo_images\tokyo_00036_4548033030.jpg,0.9125379323959351
C:\Users\ANISH\OneDrive\Desktop\osC\DREAMS\Other\Dataset\tokoyo_images\tokyo_00127_2647510639.jpg,C:\Users\ANISH\OneDrive\Desktop\osC\DREAMS\Other\Dataset\tokoyo_images\tokyo_00002_3125862684.jpg,0.8728265762329102
C:\Users\ANISH\OneDrive\Desktop\osC\DREAMS\Other\Dataset\tokoyo_images\tokyo_00127_2647510639.jpg,C:\Users\ANISH\OneDrive\Desktop\osC\DREAMS\Other\Dataset\tokoyo_images\tokyo_00163_6562413907.jpg,0.853657603263855
C:\Users\ANISH\OneDrive\Desktop\osC\DREAMS\Other\Dataset\tokoyo_images\tokyo_00130_4904042424.jpg,C:\Users\ANISH\OneDrive\Desktop\osC\DREAMS\Other\Dataset\tokoyo_images\tokyo_00024_4575832352.jpg,0.8002815842628479
C:\Users\ANISH\OneDrive\Desktop\osC\DREAMS\Other\Dataset\tokoyo_images\tokyo_00130_4904042424.jpg,C:\Users\ANISH\OneDrive\Desktop\osC\DREAMS\Other\Dataset\tokoyo_images\tokyo_00163_6562413907.jpg,0.7980200052261353
C:\Users\ANISH\OneDrive\Desktop\osC\DREAMS\Other\Dataset\tokoyo_images\tokyo_00130_4904042424.jpg,C:\Users\ANISH\OneDrive\Desktop\osC\DREAMS\Other\Dataset\tokoyo_images\tokyo_00122_3688081236.jpg,0.7922297716140747
C:\Users\ANISH\OneDrive\Desktop\osC\DREAMS\Other\Dataset\tokoyo_images\tokyo_00130_4904042424.jpg,C:\Users\ANISH\OneDrive\Desktop\osC\DREAMS\Other\Dataset\tokoyo_images\tokyo_00051_6941479030.jpg,0.786772608757019
C:\Users\ANISH\OneDrive\Desktop\osC\DREAMS\Other\Dataset\tokoyo_images\tokyo_00130_4904042424.jpg,C:\Users\ANISH\OneDrive\Desktop\osC\DREAMS\Other\Dataset\tokoyo_images\tokyo_00188_4675052823.jpg,0.7865046262741089
C:\Users\ANISH\OneDrive\Desktop\osC\DREAMS\Other\Dataset\tokoyo_images\tokyo_00136_3070844974.jpg,C:\Users\ANISH\OneDrive\Desktop\osC\DREAMS\Other\Dataset\tokoyo_images\tokyo_00145_6812262249.jpg,0.7612252235412598
C:\Users\ANISH\OneDrive\Desktop\osC\DREAMS\Other\Dataset\tokoyo_images\tokyo_00136_3070844974.jpg,C:\Users\ANISH\OneDrive\Desktop\osC\DREAMS\Other\Dataset\tokoyo_images\tokyo_00178_5047018807.jpg,0.759257972240448
C:\Users\ANISH\OneDrive\Desktop\osC\DREAMS\Other\Dataset\tokoyo_images\tokyo_00136_3070844974.jpg,C:\Users\ANISH\OneDrive\Desktop\osC\DREAMS\Other\Dataset\tokoyo_images\tokyo_00026_7866417206.jpg,0.7584642171859741
C:\Users\ANISH\OneDrive\Desktop\osC\DREAMS\Other\Dataset\tokoyo_images\tokyo_00136_3070844974.jpg,C:\Users\ANISH\OneDrive\Desktop\osC\DREAMS\Other\Dataset\tokoyo_images\tokyo_00120_5174495241.jpg,0.755620002746582
C:\Users\ANISH\OneDrive\Desktop\osC\DREAMS\Other\Dataset\tokoyo_images\tokyo_00136_3070844974.jpg,C:\Users\ANISH\OneDrive\Desktop\osC\DREAMS\Other\Dataset\tokoyo_images\tokyo_00024_4575832352.jpg,0.7489831447601318
C:\Users\ANISH\OneDrive\Desktop\osC\DREAMS\Other\Dataset\tokoyo_images\tokyo_00139_4386900287.jpg,C:\Users\ANISH\OneDrive\Desktop\osC\DREAMS\Other\Dataset\tokoyo_images\tokyo_00114_1389657314.jpg,0.8593799471855164
C:\Users\ANISH\OneDrive\Desktop\osC\DREAMS\Other\Dataset\tokoyo_images\tokyo_00139_4386900287.jpg,C:\Users\ANISH\OneDrive\Desktop\osC\DREAMS\Other\Dataset\tokoyo_images\tokyo_00145_6812262249.jpg,0.8586118221282959
C:\Users\ANISH\OneDrive\Desktop\osC\DREAMS\Other\Dataset\tokoyo_images\tokyo_00139_4386900287.jpg,C:\Users\ANISH\OneDrive\Desktop\osC\DREAMS\Other\Dataset\tokoyo_images\tokyo_00192_536931243.jpg,0.8501749038696289
C:\Users\ANISH\OneDrive\Desktop\osC\DREAMS\Other\Dataset\tokoyo_images\tokyo_00139_4386900287.jpg,C:\Users\ANISH\OneDrive\Desktop\osC\DREAMS\Other\Dataset\tokoyo_images\tokyo_00183_1335952619.jpg,0.8461877107620239
C:\Users\ANISH\OneDrive\Desktop\osC\DREAMS\Other\Dataset\tokoyo_images\tokyo_00139_4386900287.jpg,C:\Users\ANISH\OneDrive\Desktop\osC\DREAMS\Other\Dataset\tokoyo_images\tokyo_00175_8581798731.jpg,0.8445935249328613
C:\Users\ANISH\OneDrive\Desktop\osC\DREAMS\Other\Dataset\tokoyo_images\tokyo_00143_6202778300.jpg,C:\Users\ANISH\OneDrive\Desktop\osC\DREAMS\Other\Dataset\tokoyo_images\tokyo_00002_3125862684.jpg,0.8324794769287109
C:\Users\ANISH\OneDrive\Desktop\osC\DREAMS\Other\Dataset\tokoyo_images\tokyo_00143_6202778300.jpg,C:\Users\ANISH\OneDrive\Desktop\osC\DREAMS\Other\Dataset\tokoyo_images\tokyo_00124_48257394.jpg,0.8276214003562927
C:\Users\ANISH\OneDrive\Desktop\osC\DREAMS\Other\Dataset\tokoyo_images\tokyo_00143_6202778300.jpg,C:\Users\ANISH\OneDrive\Desktop\osC\DREAMS\Other\Dataset\tokoyo_images\tokyo_00051_6941479030.jpg,0.8246588706970215
C:\Users\ANISH\OneDrive\Desktop\osC\DREAMS\Other\Dataset\tokoyo_images\tokyo_00143_6202778300.jpg,C:\Users\ANISH\OneDrive\Desktop\osC\DREAMS\Other\Dataset\tokoyo_images\tokyo_00100_2256831999.jpg,0.8191078305244446
C:\Users\ANISH\OneDrive\Desktop\osC\DREAMS\Other\Dataset\tokoyo_images\tokyo_00143_6202778300.jpg,C:\Users\ANISH\OneDrive\Desktop\osC\DREAMS\Other\Dataset\tokoyo_images\tokyo_00028_7959367514.jpg,0.8097701668739319
C:\Users\ANISH\OneDrive\Desktop\osC\DREAMS\Other\Dataset\tokoyo_images\tokyo_00145_6812262249.jpg,C:\Users\ANISH\OneDrive\Desktop\osC\DREAMS\Other\Dataset\tokoyo_images\tokyo_00082_5366761340.jpg,0.9106815457344055
C:\Users\ANISH\OneDrive\Desktop\osC\DREAMS\Other\Dataset\tokoyo_images\tokyo_00145_6812262249.jpg,C:\Users\ANISH\OneDrive\Desktop\osC\DREAMS\Other\Dataset\tokoyo_images\tokyo_00175_8581798731.jpg,0.8697428703308105
C:\Users\ANISH\OneDrive\Desktop\osC\DREAMS\Other\Dataset\tokoyo_images\tokyo_00145_6812262249.jpg,C:\Users\ANISH\OneDrive\Desktop\osC\DREAMS\Other\Dataset\tokoyo_images\tokyo_00026_7866417206.jpg,0.8634282350540161
C:\Users\ANISH\OneDrive\Desktop\osC\DREAMS\Other\Dataset\tokoyo_images\tokyo_00145_6812262249.jpg,C:\Users\ANISH\OneDrive\Desktop\osC\DREAMS\Other\Dataset\tokoyo_images\tokyo_00139_4386900287.jpg,0.8586118221282959
C:\Users\ANISH\OneDrive\Desktop\osC\DREAMS\Other\Dataset\tokoyo_images\tokyo_00145_6812262249.jpg,C:\Users\ANISH\OneDrive\Desktop\osC\DREAMS\Other\Dataset\tokoyo_images\tokyo_00114_1389657314.jpg,0.8580816984176636
C:\Users\ANISH\OneDrive\Desktop\osC\DREAMS\Other\Dataset\tokoyo_images\tokyo_00152_2880923059.jpg,C:\Users\ANISH\OneDrive\Desktop\osC\DREAMS\Other\Dataset\tokoyo_images\tokyo_00122_3688081236.jpg,0.8411511182785034
C:\Users\ANISH\OneDrive\Desktop\osC\DREAMS\Other\Dataset\tokoyo_images\tokyo_00152_2880923059.jpg,C:\Users\ANISH\OneDrive\Desktop\osC\DREAMS\Other\Dataset\tokoyo_images\tokyo_00024_4575832352.jpg,0.8372169733047485
C:\Users\ANISH\OneDrive\Desktop\osC\DREAMS\Other\Dataset\tokoyo_images\tokyo_00152_2880923059.jpg,C:\Users\ANISH\OneDrive\Desktop\osC\DREAMS\Other\Dataset\tokoyo_images\tokyo_00017_6553547105.jpg,0.8336403965950012
C:\Users\ANISH\OneDrive\Desktop\osC\DREAMS\Other\Dataset\tokoyo_images\tokyo_00152_2880923059.jpg,C:\Users\ANISH\OneDrive\Desktop\osC\DREAMS\Other\Dataset\tokoyo_images\tokyo_00051_6941479030.jpg,0.832334041595459
C:\Users\ANISH\OneDrive\Desktop\osC\DREAMS\Other\Dataset\tokoyo_images\tokyo_00152_2880923059.jpg,C:\Users\ANISH\OneDrive\Desktop\osC\DREAMS\Other\Dataset\tokoyo_images\tokyo_00188_4675052823.jpg,0.8255724906921387
C:\Users\ANISH\OneDrive\Desktop\osC\DREAMS\Other\Dataset\tokoyo_images\tokyo_00153_7904495056.jpg,C:\Users\ANISH\OneDrive\Desktop\osC\DREAMS\Other\Dataset\tokoyo_images\tokyo_00093_5253540947.jpg,0.8400075435638428
C:\Users\ANISH\OneDrive\Desktop\osC\DREAMS\Other\Dataset\tokoyo_images\tokyo_00153_7904495056.jpg,C:\Users\ANISH\OneDrive\Desktop\osC\DREAMS\Other\Dataset\tokoyo_images\tokyo_00096_7017898343.jpg,0.8301193118095398
C:\Users\ANISH\OneDrive\Desktop\osC\DREAMS\Other\Dataset\tokoyo_images\tokyo_00153_7904495056.jpg,C:\Users\ANISH\OneDrive\Desktop\osC\DREAMS\Other\Dataset\tokoyo_images\tokyo_00051_6941479030.jpg,0.8150516748428345
C:\Users\ANISH\OneDrive\Desktop\osC\DREAMS\Other\Dataset\tokoyo_images\tokyo_00153_7904495056.jpg,C:\Users\ANISH\OneDrive\Desktop\osC\DREAMS\Other\Dataset\tokoyo_images\tokyo_00112_8586130870.jpg,0.814307689666748
C:\Users\ANISH\OneDrive\Desktop\osC\DREAMS\Other\Dataset\tokoyo_images\tokyo_00153_7904495056.jpg,C:\Users\ANISH\OneDrive\Desktop\osC\DREAMS\Other\Dataset\tokoyo_images\tokyo_00003_6332937940.jpg,0.805351972579956
C:\Users\ANISH\OneDrive\Desktop\osC\DREAMS\Other\Dataset\tokoyo_images\tokyo_00154_8108509730.jpg,C:\Users\ANISH\OneDrive\Desktop\osC\DREAMS\Other\Dataset\tokoyo_images\tokyo_00171_2337992396.jpg,0.8531739711761475
C:\Users\ANISH\OneDrive\Desktop\osC\DREAMS\Other\Dataset\tokoyo_images\tokyo_00154_8108509730.jpg,C:\Users\ANISH\OneDrive\Desktop\osC\DREAMS\Other\Dataset\tokoyo_images\tokyo_00161_11903148366.jpg,0.8426424264907837
C:\Users\ANISH\OneDrive\Desktop\osC\DREAMS\Other\Dataset\tokoyo_images\tokyo_00154_8108509730.jpg,C:\Users\ANISH\OneDrive\Desktop\osC\DREAMS\Other\Dataset\tokoyo_images\tokyo_00017_6553547105.jpg,0.8383281826972961
C:\Users\ANISH\OneDrive\Desktop\osC\DREAMS\Other\Dataset\tokoyo_images\tokyo_00154_8108509730.jpg,C:\Users\ANISH\OneDrive\Desktop\osC\DREAMS\Other\Dataset\tokoyo_images\tokyo_00139_4386900287.jpg,0.8369450569152832
C:\Users\ANISH\OneDrive\Desktop\osC\DREAMS\Other\Dataset\tokoyo_images\tokyo_00154_8108509730.jpg,C:\Users\ANISH\OneDrive\Desktop\osC\DREAMS\Other\Dataset\tokoyo_images\tokyo_00051_6941479030.jpg,0.835671067237854
C:\Users\ANISH\OneDrive\Desktop\osC\DREAMS\Other\Dataset\tokoyo_images\tokyo_00155_12190011116.jpg,C:\Users\ANISH\OneDrive\Desktop\osC\DREAMS\Other\Dataset\tokoyo_images\tokyo_00124_48257394.jpg,0.853499710559845
C:\Users\ANISH\OneDrive\Desktop\osC\DREAMS\Other\Dataset\tokoyo_images\tokyo_00155_12190011116.jpg,C:\Users\ANISH\OneDrive\Desktop\osC\DREAMS\Other\Dataset\tokoyo_images\tokyo_00172_2496012940.jpg,0.8459345102310181
C:\Users\ANISH\OneDrive\Desktop\osC\DREAMS\Other\Dataset\tokoyo_images\tokyo_00155_12190011116.jpg,C:\Users\ANISH\OneDrive\Desktop\osC\DREAMS\Other\Dataset\tokoyo_images\tokyo_00100_2256831999.jpg,0.8299648761749268
C:\Users\ANISH\OneDrive\Desktop\osC\DREAMS\Other\Dataset\tokoyo_images\tokyo_00155_12190011116.jpg,C:\Users\ANISH\OneDrive\Desktop\osC\DREAMS\Other\Dataset\tokoyo_images\tokyo_00145_6812262249.jpg,0.823043704032898
C:\Users\ANISH\OneDrive\Desktop\osC\DREAMS\Other\Dataset\tokoyo_images\tokyo_00155_12190011116.jpg,C:\Users\ANISH\OneDrive\Desktop\osC\DREAMS\Other\Dataset\tokoyo_images\tokyo_00082_5366761340.jpg,0.8164247274398804
C:\Users\ANISH\OneDrive\Desktop\osC\DREAMS\Other\Dataset\tokoyo_images\tokyo_00161_11903148366.jpg,C:\Users\ANISH\OneDrive\Desktop\osC\DREAMS\Other\Dataset\tokoyo_images\tokyo_00171_2337992396.jpg,0.8913922309875488
C:\Users\ANISH\OneDrive\Desktop\osC\DREAMS\Other\Dataset\tokoyo_images\tokyo_00161_11903148366.jpg,C:\Users\ANISH\OneDrive\Desktop\osC\DREAMS\Other\Dataset\tokoyo_images\tokyo_00154_8108509730.jpg,0.8426424264907837
C:\Users\ANISH\OneDrive\Desktop\osC\DREAMS\Other\Dataset\tokoyo_images\tokyo_00161_11903148366.jpg,C:\Users\ANISH\OneDrive\Desktop\osC\DREAMS\Other\Dataset\tokoyo_images\tokyo_00017_6553547105.jpg,0.8197458386421204
C:\Users\ANISH\OneDrive\Desktop\osC\DREAMS\Other\Dataset\tokoyo_images\tokyo_00161_11903148366.jpg,C:\Users\ANISH\OneDrive\Desktop\osC\DREAMS\Other\Dataset\tokoyo_images\tokyo_00093_5253540947.jpg,0.8181257247924805
C:\Users\ANISH\OneDrive\Desktop\osC\DREAMS\Other\Dataset\tokoyo_images\tokyo_00161_11903148366.jpg,C:\Users\ANISH\OneDrive\Desktop\osC\DREAMS\Other\Dataset\tokoyo_images\tokyo_00026_7866417206.jpg,0.8135576248168945
C:\Users\ANISH\OneDrive\Desktop\osC\DREAMS\Other\Dataset\tokoyo_images\tokyo_00163_6562413907.jpg,C:\Users\ANISH\OneDrive\Desktop\osC\DREAMS\Other\Dataset\tokoyo_images\tokyo_00036_4548033030.jpg,0.8559249639511108
C:\Users\ANISH\OneDrive\Desktop\osC\DREAMS\Other\Dataset\tokoyo_images\tokyo_00163_6562413907.jpg,C:\Users\ANISH\OneDrive\Desktop\osC\DREAMS\Other\Dataset\tokoyo_images\tokyo_00024_4575832352.jpg,0.8537298440933228
C:\Users\ANISH\OneDrive\Desktop\osC\DREAMS\Other\Dataset\tokoyo_images\tokyo_00163_6562413907.jpg,C:\Users\ANISH\OneDrive\Desktop\osC\DREAMS\Other\Dataset\tokoyo_images\tokyo_00127_2647510639.jpg,0.853657603263855
C:\Users\ANISH\OneDrive\Desktop\osC\DREAMS\Other\Dataset\tokoyo_images\tokyo_00163_6562413907.jpg,C:\Users\ANISH\OneDrive\Desktop\osC\DREAMS\Other\Dataset\tokoyo_images\tokyo_00051_6941479030.jpg,0.8409912586212158
C:\Users\ANISH\OneDrive\Desktop\osC\DREAMS\Other\Dataset\tokoyo_images\tokyo_00163_6562413907.jpg,C:\Users\ANISH\OneDrive\Desktop\osC\DREAMS\Other\Dataset\tokoyo_images\tokyo_00122_3688081236.jpg,0.8339658975601196
C:\Users\ANISH\OneDrive\Desktop\osC\DREAMS\Other\Dataset\tokoyo_images\tokyo_00171_2337992396.jpg,C:\Users\ANISH\OneDrive\Desktop\osC\DREAMS\Other\Dataset\tokoyo_images\tokyo_00161_11903148366.jpg,0.8913922309875488
C:\Users\ANISH\OneDrive\Desktop\osC\DREAMS\Other\Dataset\tokoyo_images\tokyo_00171_2337992396.jpg,C:\Users\ANISH\OneDrive\Desktop\osC\DREAMS\Other\Dataset\tokoyo_images\tokyo_00036_4548033030.jpg,0.8657950162887573
C:\Users\ANISH\OneDrive\Desktop\osC\DREAMS\Other\Dataset\tokoyo_images\tokyo_00171_2337992396.jpg,C:\Users\ANISH\OneDrive\Desktop\osC\DREAMS\Other\Dataset\tokoyo_images\tokyo_00154_8108509730.jpg,0.8531739711761475
C:\Users\ANISH\OneDrive\Desktop\osC\DREAMS\Other\Dataset\tokoyo_images\tokyo_00171_2337992396.jpg,C:\Users\ANISH\OneDrive\Desktop\osC\DREAMS\Other\Dataset\tokoyo_images\tokyo_00112_8586130870.jpg,0.836155354976654
C:\Users\ANISH\OneDrive\Desktop\osC\DREAMS\Other\Dataset\tokoyo_images\tokyo_00171_2337992396.jpg,C:\Users\ANISH\OneDrive\Desktop\osC\DREAMS\Other\Dataset\tokoyo_images\tokyo_00051_6941479030.jpg,0.835200309753418
C:\Users\ANISH\OneDrive\Desktop\osC\DREAMS\Other\Dataset\tokoyo_images\tokyo_00172_2496012940.jpg,C:\Users\ANISH\OneDrive\Desktop\osC\DREAMS\Other\Dataset\tokoyo_images\tokyo_00155_12190011116.jpg,0.8459345102310181
C:\Users\ANISH\OneDrive\Desktop\osC\DREAMS\Other\Dataset\tokoyo_images\tokyo_00172_2496012940.jpg,C:\Users\ANISH\OneDrive\Desktop\osC\DREAMS\Other\Dataset\tokoyo_images\tokyo_00029_2521364120.jpg,0.8285763263702393
C:\Users\ANISH\OneDrive\Desktop\osC\DREAMS\Other\Dataset\tokoyo_images\tokyo_00172_2496012940.jpg,C:\Users\ANISH\OneDrive\Desktop\osC\DREAMS\Other\Dataset\tokoyo_images\tokyo_00086_6899892784.jpg,0.8139032125473022
C:\Users\ANISH\OneDrive\Desktop\osC\DREAMS\Other\Dataset\tokoyo_images\tokyo_00172_2496012940.jpg,C:\Users\ANISH\OneDrive\Desktop\osC\DREAMS\Other\Dataset\tokoyo_images\tokyo_00026_7866417206.jpg,0.7946652173995972
C:\Users\ANISH\OneDrive\Desktop\osC\DREAMS\Other\Dataset\tokoyo_images\tokyo_00172_2496012940.jpg,C:\Users\ANISH\OneDrive\Desktop\osC\DREAMS\Other\Dataset\tokoyo_images\tokyo_00145_6812262249.jpg,0.7945598363876343
C:\Users\ANISH\OneDrive\Desktop\osC\DREAMS\Other\Dataset\tokoyo_images\tokyo_00175_8581798731.jpg,C:\Users\ANISH\OneDrive\Desktop\osC\DREAMS\Other\Dataset\tokoyo_images\tokyo_00145_6812262249.jpg,0.8697428703308105
C:\Users\ANISH\OneDrive\Desktop\osC\DREAMS\Other\Dataset\tokoyo_images\tokyo_00175_8581798731.jpg,C:\Users\ANISH\OneDrive\Desktop\osC\DREAMS\Other\Dataset\tokoyo_images\tokyo_00114_1389657314.jpg,0.8540228009223938
C:\Users\ANISH\OneDrive\Desktop\osC\DREAMS\Other\Dataset\tokoyo_images\tokyo_00175_8581798731.jpg,C:\Users\ANISH\OneDrive\Desktop\osC\DREAMS\Other\Dataset\tokoyo_images\tokyo_00029_2521364120.jpg,0.851195216178894
C:\Users\ANISH\OneDrive\Desktop\osC\DREAMS\Other\Dataset\tokoyo_images\tokyo_00175_8581798731.jpg,C:\Users\ANISH\OneDrive\Desktop\osC\DREAMS\Other\Dataset\tokoyo_images\tokyo_00082_5366761340.jpg,0.8495470285415649
C:\Users\ANISH\OneDrive\Desktop\osC\DREAMS\Other\Dataset\tokoyo_images\tokyo_00175_8581798731.jpg,C:\Users\ANISH\OneDrive\Desktop\osC\DREAMS\Other\Dataset\tokoyo_images\tokyo_00139_4386900287.jpg,0.8445935249328613
C:\Users\ANISH\OneDrive\Desktop\osC\DREAMS\Other\Dataset\tokoyo_images\tokyo_00178_5047018807.jpg,C:\Users\ANISH\OneDrive\Desktop\osC\DREAMS\Other\Dataset\tokoyo_images\tokyo_00026_7866417206.jpg,0.8537729978561401
C:\Users\ANISH\OneDrive\Desktop\osC\DREAMS\Other\Dataset\tokoyo_images\tokyo_00178_5047018807.jpg,C:\Users\ANISH\OneDrive\Desktop\osC\DREAMS\Other\Dataset\tokoyo_images\tokyo_00093_5253540947.jpg,0.8471627235412598
C:\Users\ANISH\OneDrive\Desktop\osC\DREAMS\Other\Dataset\tokoyo_images\tokyo_00178_5047018807.jpg,C:\Users\ANISH\OneDrive\Desktop\osC\DREAMS\Other\Dataset\tokoyo_images\tokyo_00082_5366761340.jpg,0.839461088180542
C:\Users\ANISH\OneDrive\Desktop\osC\DREAMS\Other\Dataset\tokoyo_images\tokyo_00178_5047018807.jpg,C:\Users\ANISH\OneDrive\Desktop\osC\DREAMS\Other\Dataset\tokoyo_images\tokyo_00024_4575832352.jpg,0.819821298122406
C:\Users\ANISH\OneDrive\Desktop\osC\DREAMS\Other\Dataset\tokoyo_images\tokyo_00178_5047018807.jpg,C:\Users\ANISH\OneDrive\Desktop\osC\DREAMS\Other\Dataset\tokoyo_images\tokyo_00145_6812262249.jpg,0.8149876594543457
C:\Users\ANISH\OneDrive\Desktop\osC\DREAMS\Other\Dataset\tokoyo_images\tokyo_00183_1335952619.jpg,C:\Users\ANISH\OneDrive\Desktop\osC\DREAMS\Other\Dataset\tokoyo_images\tokyo_00139_4386900287.jpg,0.8461877107620239
C:\Users\ANISH\OneDrive\Desktop\osC\DREAMS\Other\Dataset\tokoyo_images\tokyo_00183_1335952619.jpg,C:\Users\ANISH\OneDrive\Desktop\osC\DREAMS\Other\Dataset\tokoyo_images\tokyo_00171_2337992396.jpg,0.8095773458480835
C:\Users\ANISH\OneDrive\Desktop\osC\DREAMS\Other\Dataset\tokoyo_images\tokyo_00183_1335952619.jpg,C:\Users\ANISH\OneDrive\Desktop\osC\DREAMS\Other\Dataset\tokoyo_images\tokyo_00119_6867667800.jpg,0.8008479475975037
C:\Users\ANISH\OneDrive\Desktop\osC\DREAMS\Other\Dataset\tokoyo_images\tokyo_00183_1335952619.jpg,C:\Users\ANISH\OneDrive\Desktop\osC\DREAMS\Other\Dataset\tokoyo_images\tokyo_00082_5366761340.jpg,0.8006730675697327
C:\Users\ANISH\OneDrive\Desktop\osC\DREAMS\Other\Dataset\tokoyo_images\tokyo_00183_1335952619.jpg,C:\Users\ANISH\OneDrive\Desktop\osC\DREAMS\Other\Dataset\tokoyo_images\tokyo_00145_6812262249.jpg,0.7982989549636841
C:\Users\ANISH\OneDrive\Desktop\osC\DREAMS\Other\Dataset\tokoyo_images\tokyo_00185_2652212246.jpg,C:\Users\ANISH\OneDrive\Desktop\osC\DREAMS\Other\Dataset\tokoyo_images\tokyo_00029_2521364120.jpg,0.8457772731781006
C:\Users\ANISH\OneDrive\Desktop\osC\DREAMS\Other\Dataset\tokoyo_images\tokyo_00185_2652212246.jpg,C:\Users\ANISH\OneDrive\Desktop\osC\DREAMS\Other\Dataset\tokoyo_images\tokyo_00122_3688081236.jpg,0.8455252647399902
C:\Users\ANISH\OneDrive\Desktop\osC\DREAMS\Other\Dataset\tokoyo_images\tokyo_00185_2652212246.jpg,C:\Users\ANISH\OneDrive\Desktop\osC\DREAMS\Other\Dataset\tokoyo_images\tokyo_00024_4575832352.jpg,0.821352481842041
C:\Users\ANISH\OneDrive\Desktop\osC\DREAMS\Other\Dataset\tokoyo_images\tokyo_00185_2652212246.jpg,C:\Users\ANISH\OneDrive\Desktop\osC\DREAMS\Other\Dataset\tokoyo_images\tokyo_00051_6941479030.jpg,0.806075930595398
C:\Users\ANISH\OneDrive\Desktop\osC\DREAMS\Other\Dataset\tokoyo_images\tokyo_00185_2652212246.jpg,C:\Users\ANISH\OneDrive\Desktop\osC\DREAMS\Other\Dataset\tokoyo_images\tokyo_00084_7620079764.jpg,0.8017960786819458
C:\Users\ANISH\OneDrive\Desktop\osC\DREAMS\Other\Dataset\tokoyo_images\tokyo_00188_4675052823.jpg,C:\Users\ANISH\OneDrive\Desktop\osC\DREAMS\Other\Dataset\tokoyo_images\tokyo_00122_3688081236.jpg,0.8427067995071411
C:\Users\ANISH\OneDrive\Desktop\osC\DREAMS\Other\Dataset\tokoyo_images\tokyo_00188_4675052823.jpg,C:\Users\ANISH\OneDrive\Desktop\osC\DREAMS\Other\Dataset\tokoyo_images\tokyo_00084_7620079764.jpg,0.8331197500228882
C:\Users\ANISH\OneDrive\Desktop\osC\DREAMS\Other\Dataset\tokoyo_images\tokyo_00188_4675052823.jpg,C:\Users\ANISH\OneDrive\Desktop\osC\DREAMS\Other\Dataset\tokoyo_images\tokyo_00025_3000200379.jpg,0.8278136253356934
C:\Users\ANISH\OneDrive\Desktop\osC\DREAMS\Other\Dataset\tokoyo_images\tokyo_00188_4675052823.jpg,C:\Users\ANISH\OneDrive\Desktop\osC\DREAMS\Other\Dataset\tokoyo_images\tokyo_00152_2880923059.jpg,0.8255724906921387
C:\Users\ANISH\OneDrive\Desktop\osC\DREAMS\Other\Dataset\tokoyo_images\tokyo_00188_4675052823.jpg,C:\Users\ANISH\OneDrive\Desktop\osC\DREAMS\Other\Dataset\tokoyo_images\tokyo_00024_4575832352.jpg,0.8197035789489746
C:\Users\ANISH\OneDrive\Desktop\osC\DREAMS\Other\Dataset\tokoyo_images\tokyo_00192_536931243.jpg,C:\Users\ANISH\OneDrive\Desktop\osC\DREAMS\Other\Dataset\tokoyo_images\tokyo_00139_4386900287.jpg,0.8501749038696289
C:\Users\ANISH\OneDrive\Desktop\osC\DREAMS\Other\Dataset\tokoyo_images\tokyo_00192_536931243.jpg,C:\Users\ANISH\OneDrive\Desktop\osC\DREAMS\Other\Dataset\tokoyo_images\tokyo_00175_8581798731.jpg,0.8257373571395874
C:\Users\ANISH\OneDrive\Desktop\osC\DREAMS\Other\Dataset\tokoyo_images\tokyo_00192_536931243.jpg,C:\Users\ANISH\OneDrive\Desktop\osC\DREAMS\Other\Dataset\tokoyo_images\tokyo_00124_48257394.jpg,0.8218891024589539
C:\Users\ANISH\OneDrive\Desktop\osC\DREAMS\Other\Dataset\tokoyo_images\tokyo_00192_536931243.jpg,C:\Users\ANISH\OneDrive\Desktop\osC\DREAMS\Other\Dataset\tokoyo_images\tokyo_00029_2521364120.jpg,0.8095380663871765
C:\Users\ANISH\OneDrive\Desktop\osC\DREAMS\Other\Dataset\tokoyo_images\tokyo_00192_536931243.jpg,C:\Users\ANISH\OneDrive\Desktop\osC\DREAMS\Other\Dataset\tokoyo_images\tokyo_00154_8108509730.jpg,0.8007293939590454
